personalidad|性格／個性|sustantivo|人間関係
comportamiento|行動／振る舞い|sustantivo|人間関係
actitud|態度|sustantivo|人間関係
confianza|信頼／自信|sustantivo|人間関係
respeto|尊敬／配慮|sustantivo|人間関係
paciencia|忍耐|sustantivo|人間関係
relación|関係|sustantivo|人間関係
pareja|パートナー／カップル|sustantivo|人間関係
amistad|友情|sustantivo|人間関係
discusión|議論／口論|sustantivo|人間関係
acuerdo|合意|sustantivo|意見
desacuerdo|不一致／反対|sustantivo|意見
opinión|意見|sustantivo|意見
experiencia|経験|sustantivo|経験
recuerdo|思い出／記憶|sustantivo|経験
sueño|夢／眠気|sustantivo|感情
miedo|恐怖|sustantivo|感情
vergüenza|恥ずかしさ|sustantivo|感情
sorpresa|驚き|sustantivo|感情
alegría|喜び|sustantivo|感情
tristeza|悲しみ|sustantivo|感情
enfado|怒り|sustantivo|感情
preocupación|心配|sustantivo|感情
estrés|ストレス|sustantivo|感情
ánimo|気力／気分|sustantivo|感情
sentimiento|感情|sustantivo|感情
decisión|決定|sustantivo|思考
costumbre|習慣|sustantivo|生活
cambio|変化／変更|sustantivo|変化
oportunidad|機会|sustantivo|経験
empresa|企業|sustantivo|仕事
oficina|事務所|sustantivo|仕事
empleo|雇用／職|sustantivo|仕事
puesto|職／地位|sustantivo|仕事
sueldo|給料|sustantivo|仕事
contrato|契約|sustantivo|仕事
horario|時間割／営業時間|sustantivo|仕事
reunión|会議／集まり|sustantivo|仕事
entrevista|面接／インタビュー|sustantivo|仕事
carrera|学位課程／経歴|sustantivo|教育
profesión|職業|sustantivo|仕事
formación|教育／研修|sustantivo|教育
curso|講座／コース|sustantivo|教育
asignatura|科目|sustantivo|教育
título|資格／題名|sustantivo|教育
diploma|卒業証書／資格証|sustantivo|教育
beca|奨学金|sustantivo|教育
matrícula|入学登録／授業料|sustantivo|教育
deberes|宿題／義務|sustantivo|教育
examen|試験|sustantivo|教育
aprobar|合格する／承認する|verbo|教育
suspender|不合格になる／中断する|verbo|教育
investigar|調査する|verbo|教育
presentar|紹介する／提出する|verbo|仕事
solicitar|申請する|verbo|仕事
contratar|雇う／契約する|verbo|仕事
despedir|解雇する／見送る|verbo|仕事
jubilarse|退職する|verbo|仕事
colaborar|協力する|verbo|仕事
habilidad|能力／技能|sustantivo|仕事
transporte|交通／輸送|sustantivo|交通
tráfico|交通／渋滞|sustantivo|交通
atasco|交通渋滞|sustantivo|交通
carretera|道路|sustantivo|交通
autopista|高速道路|sustantivo|交通
semáforo|信号機|sustantivo|交通
cruce|交差点／横断|sustantivo|交通
acera|歩道|sustantivo|交通
barrio|地区／街区|sustantivo|都市
edificio|建物|sustantivo|都市
ayuntamiento|市役所|sustantivo|都市
comisaría|警察署|sustantivo|都市
alojamiento|宿泊施設|sustantivo|旅行
hostal|簡易宿泊所|sustantivo|旅行
camping|キャンプ場／キャンプ|sustantivo|旅行
excursión|遠足／小旅行|sustantivo|旅行
destino|目的地|sustantivo|旅行
ruta|道順／ルート|sustantivo|旅行
guía|案内人／ガイドブック|sustantivo|旅行
frontera|国境|sustantivo|旅行
extranjero|外国人／外国の|sustantivo|旅行
moneda|硬貨／通貨|sustantivo|旅行
efectivo|現金|sustantivo|旅行
cajero automático|ATM|sustantivo|旅行
retraso|遅延|sustantivo|旅行
salida|出口／出発|sustantivo|旅行
llegada|到着|sustantivo|旅行
andén|ホーム|sustantivo|旅行
ida y vuelta|往復|expresión|旅行
vuelo|航空便|sustantivo|旅行
enfermedad|病気|sustantivo|健康
fiebre|発熱|sustantivo|健康
tos|咳|sustantivo|健康
resfriado|風邪|sustantivo|健康
gripe|インフルエンザ|sustantivo|健康
herida|傷|sustantivo|健康
accidente|事故|sustantivo|健康
enfermero|看護師|sustantivo|健康
paciente|患者|sustantivo|健康
medicina|薬／医学|sustantivo|健康
pastilla|錠剤|sustantivo|健康
receta|処方箋／レシピ|sustantivo|健康
tratamiento|治療|sustantivo|健康
seguro médico|医療保険|sustantivo|健康
urgencias|救急外来|sustantivo|健康
ambulancia|救急車|sustantivo|健康
operación|手術／操作|sustantivo|健康
análisis|検査／分析|sustantivo|健康
dieta|食事療法／食生活|sustantivo|健康
ejercicio|運動／練習問題|sustantivo|健康
descansar|休む|verbo|健康
doler|痛む|verbo|健康
recuperarse|回復する|verbo|健康
prevenir|予防する|verbo|健康
cuidar|世話する／気をつける|verbo|健康
sano|健康な|adjetivo|健康
enfermo|病気の|adjetivo|健康
grave|重い／深刻な|adjetivo|健康
leve|軽い／軽度の|adjetivo|健康
alergia|アレルギー|sustantivo|健康
medio ambiente|環境|sustantivo|環境
contaminación|汚染|sustantivo|環境
clima|気候|sustantivo|環境
temperatura|温度|sustantivo|環境
tormenta|嵐|sustantivo|天候
viento|風|sustantivo|天候
lluvia|雨|sustantivo|天候
nieve|雪|sustantivo|天候
nube|雲|sustantivo|天候
sol|太陽|sustantivo|天候
bosque|森|sustantivo|自然
río|川|sustantivo|自然
lago|湖|sustantivo|自然
mar|海|sustantivo|自然
campo|田舎／野原|sustantivo|自然
isla|島|sustantivo|自然
animal|動物|sustantivo|自然
planta|植物／階|sustantivo|自然
árbol|木|sustantivo|自然
flor|花|sustantivo|自然
basura|ごみ|sustantivo|環境
reciclaje|リサイクル|sustantivo|環境
electricidad|電気|sustantivo|環境
recurso|資源／手段|sustantivo|環境
ahorrar|節約する|verbo|環境
proteger|守る|verbo|環境
destruir|破壊する|verbo|環境
reducir|減らす|verbo|環境
reutilizar|再利用する|verbo|環境
sostenible|持続可能な|adjetivo|環境
noticia|ニュース|sustantivo|メディア
periódico|新聞|sustantivo|メディア
revista|雑誌|sustantivo|メディア
artículo|記事／品物|sustantivo|メディア
anuncio|広告／告知|sustantivo|メディア
publicidad|広告|sustantivo|メディア
televisión|テレビ|sustantivo|メディア
radio|ラジオ|sustantivo|メディア
programa|番組／プログラム|sustantivo|メディア
serie|シリーズ／連続ドラマ|sustantivo|メディア
película|映画|sustantivo|メディア
documental|ドキュメンタリー|sustantivo|メディア
reportaje|特集記事／ルポ|sustantivo|メディア
periodista|記者|sustantivo|メディア
prensa|報道機関|sustantivo|メディア
información|情報|sustantivo|メディア
comunicación|コミュニケーション|sustantivo|メディア
red social|SNS|sustantivo|テクノロジー
aplicación|アプリケーション|sustantivo|テクノロジー
pantalla|画面|sustantivo|テクノロジー
teclado|キーボード|sustantivo|テクノロジー
contraseña|パスワード|sustantivo|テクノロジー
archivo|ファイル|sustantivo|テクノロジー
descargar|ダウンロードする|verbo|テクノロジー
compartir|共有する|verbo|テクノロジー
publicar|公開する|verbo|メディア
buscar|探す／検索する|verbo|テクノロジー
navegar|航行する／ネットを見る|verbo|テクノロジー
conexión|接続|sustantivo|テクノロジー
usuario|利用者|sustantivo|テクノロジー
sociedad|社会|sustantivo|社会
gobierno|政府|sustantivo|社会
ley|法律|sustantivo|社会
derecho|権利／法律|sustantivo|社会
obligación|義務|sustantivo|社会
permiso|許可|sustantivo|社会
prohibición|禁止|sustantivo|社会
norma|規則|sustantivo|社会
seguridad|安全／治安|sustantivo|社会
policía|警察|sustantivo|社会
ciudadano|市民|sustantivo|社会
población|人口／住民|sustantivo|社会
comunidad|共同体／地域社会|sustantivo|社会
cultura|文化|sustantivo|社会
tradición|伝統|sustantivo|社会
religión|宗教|sustantivo|社会
economía|経済|sustantivo|社会
crisis|危機|sustantivo|社会
precio|価格|sustantivo|社会
impuesto|税金|sustantivo|社会
elección|選択／選挙|sustantivo|社会
voto|投票|sustantivo|社会
partido|政党／試合|sustantivo|社会
presidente|大統領／会長|sustantivo|社会
alcalde|市長|sustantivo|社会
problema|問題|sustantivo|社会
solución|解決策|sustantivo|社会
causa|原因|sustantivo|社会
consecuencia|結果／影響|sustantivo|社会
igualdad|平等|sustantivo|社会
aunque|〜だけれども|conjunción|接続
además|そのうえ|adverbio|接続
sin embargo|しかしながら|conector|接続
por eso|そのため|conector|接続
por lo tanto|したがって|conector|接続
mientras|〜する間／一方で|conjunción|接続
en cambio|その一方で|conector|接続
a pesar de|〜にもかかわらず|conector|接続
según|〜によれば／〜に応じて|preposición|接続
desde|〜から|preposición|関係語
hasta|〜まで|preposición|関係語
hacia|〜の方へ|preposición|関係語
contra|〜に反対して／接して|preposición|関係語
entre|〜の間に|preposición|関係語
sobre|〜の上に／〜について|preposición|関係語
sin|〜なしで|preposición|関係語
con|〜と一緒に／〜で|preposición|関係語
para|〜のために／〜へ|preposición|関係語
por|〜によって／〜を通って|preposición|関係語
quizá|たぶん|adverbio|推量
probablemente|おそらく|adverbio|推量
realmente|実際に|adverbio|様態
especialmente|特に|adverbio|様態
finalmente|最終的に|adverbio|順序
de repente|突然|expresión|時間
enseguida|すぐに|adverbio|時間
al principio|初めは|expresión|順序
al final|最後には|expresión|順序
por ejemplo|例えば|conector|接続
es decir|つまり|conector|接続
pensar|考える|verbo|思考
creer|信じる／思う|verbo|思考
recordar|思い出す／覚えている|verbo|思考
olvidar|忘れる|verbo|思考
entender|理解する|verbo|思考
comprender|理解する|verbo|思考
explicar|説明する|verbo|伝達
contar|数える／話す|verbo|伝達
preguntar|質問する|verbo|伝達
contestar|答える|verbo|伝達
pedir|頼む／注文する|verbo|伝達
ofrecer|提供する|verbo|伝達
aceptar|受け入れる|verbo|判断
rechazar|断る／拒否する|verbo|判断
elegir|選ぶ|verbo|判断
decidir|決める|verbo|判断
intentar|試みる|verbo|行動
esperar|待つ／期待する|verbo|行動
necesitar|必要とする|verbo|行動
parecer|〜のように見える|verbo|知覚
sentir|感じる|verbo|知覚
conocer|知っている／知り合う|verbo|知識
encontrar|見つける|verbo|行動
perder|失う／負ける|verbo|行動
ganar|得る／勝つ|verbo|行動
cambiar|変える／変わる|verbo|変化
crear|作り出す|verbo|行動
permitir|許可する|verbo|社会
recomendar|勧める|verbo|伝達
evitar|避ける|verbo|行動
posible|可能な|adjetivo|評価
imposible|不可能な|adjetivo|評価
necesario|必要な|adjetivo|評価
suficiente|十分な|adjetivo|評価
completo|完全な／満席の|adjetivo|状態
vacío|空の|adjetivo|状態
lleno|いっぱいの|adjetivo|状態
seguro|安全な／確かな|adjetivo|状態
peligroso|危険な|adjetivo|状態
útil|役に立つ|adjetivo|評価
inútil|役に立たない|adjetivo|評価
correcto|正しい|adjetivo|評価
incorrecto|正しくない|adjetivo|評価
verdadero|本当の|adjetivo|評価
falso|偽の|adjetivo|評価
principal|主要な|adjetivo|分類
general|一般的な|adjetivo|分類
particular|特定の／個人的な|adjetivo|分類
público|公共の|adjetivo|社会
privado|私的な／民間の|adjetivo|社会
nacional|国内の／国の|adjetivo|社会
internacional|国際的な|adjetivo|社会
local|地元の|adjetivo|社会
actual|現在の|adjetivo|時間
antiguo|古い／以前の|adjetivo|時間
reciente|最近の|adjetivo|時間
próximo|次の／近い|adjetivo|時間
anterior|前の|adjetivo|時間
siguiente|次の|adjetivo|時間
parecido|似ている|adjetivo|比較
