# HSK3のラベル: id|hanzi|tags（カンマ区切り、1語につき1つ以上）
hsk3-301|阿姨|family,people
hsk3-302|啊|particle
hsk3-303|矮|adjective
hsk3-304|爱好|hobby
hsk3-305|安静|adjective
hsk3-306|把|preposition
hsk3-307|班|school
hsk3-308|搬|verb,home
hsk3-309|办法|thinking
hsk3-310|办公室|work
hsk3-311|半|number,time
hsk3-312|帮忙|verb,people
hsk3-313|包|clothes
hsk3-314|饱|adjective,food
hsk3-315|北方|direction
hsk3-316|被|preposition
hsk3-317|鼻子|body
hsk3-318|比较|adverb,degree
hsk3-319|比赛|hobby
hsk3-320|必须|modal,adverb
hsk3-321|变化|verb
hsk3-322|表示|verb,language
hsk3-323|表演|verb,hobby
hsk3-324|别人|pronoun,people
hsk3-325|宾馆|travel
hsk3-326|冰箱|home
hsk3-327|才|adverb
hsk3-328|菜单|food
hsk3-329|参加|verb
hsk3-330|草|weather
hsk3-331|层|measure,home
hsk3-332|差|adjective
hsk3-333|长|verb
hsk3-334|超市|shopping
hsk3-335|衬衫|clothes
hsk3-336|成绩|school
hsk3-337|城市|travel
hsk3-338|迟到|verb,time
hsk3-339|出现|verb
hsk3-340|除了|preposition
hsk3-341|厨房|home
hsk3-342|春|weather,time
hsk3-343|词语|language
hsk3-344|聪明|adjective
hsk3-345|打扫|verb,daily,home
hsk3-346|打算|verb,thinking
hsk3-347|带|verb
hsk3-348|担心|verb,emotion
hsk3-349|蛋糕|food
hsk3-350|当然|adverb
hsk3-351|灯|home
hsk3-352|低|adjective
hsk3-353|地|particle
hsk3-354|地方|direction
hsk3-355|地铁|travel
hsk3-356|地图|travel
hsk3-357|电梯|home
hsk3-358|电子邮件|tech
hsk3-359|东|direction
hsk3-360|冬|weather,time
hsk3-361|动物|animal
hsk3-362|短|adjective
hsk3-363|段|measure
hsk3-364|锻炼|verb,body
hsk3-365|多么|adverb,degree
hsk3-366|饿|adjective,body
hsk3-367|而且|conjunction
hsk3-368|耳朵|body
hsk3-369|发烧|verb,body
hsk3-370|发现|verb
hsk3-371|方便|adjective
hsk3-372|放|verb
hsk3-373|放心|verb,emotion
hsk3-374|分|measure,time
hsk3-375|附近|direction,travel
hsk3-376|复习|verb,school
hsk3-377|干净|adjective
hsk3-378|敢|modal
hsk3-379|感冒|verb,body
hsk3-380|刚才|adverb,time
hsk3-381|根据|preposition
hsk3-382|跟|preposition,conjunction
hsk3-383|更|adverb,degree
hsk3-384|公园|travel
hsk3-385|故事|hobby,language
hsk3-386|刮风|verb,weather
hsk3-387|关|verb,home
hsk3-388|关系|people
hsk3-389|关心|verb,emotion
hsk3-390|关于|preposition
hsk3-391|国家|travel
hsk3-392|果汁|food
hsk3-393|过去|time
hsk3-394|害怕|verb,emotion
hsk3-395|河|weather
hsk3-396|黑板|school
hsk3-397|护照|travel
hsk3-398|花|weather,shopping
hsk3-399|花园|home,weather
hsk3-400|画|verb,hobby
hsk3-401|坏|adjective
hsk3-402|还|verb
hsk3-403|还是|conjunction
hsk3-404|环境|weather
hsk3-405|换|verb,shopping
hsk3-406|黄|adjective,color
hsk3-407|会议|work
hsk3-408|或者|conjunction
hsk3-409|机会|work,thinking
hsk3-410|极|adverb,degree
hsk3-411|几乎|adverb,degree
hsk3-412|记得|verb,thinking
hsk3-413|季节|weather,time
hsk3-414|检查|verb
hsk3-415|简单|adjective
hsk3-416|见面|verb,people
hsk3-417|健康|adjective,body
hsk3-418|讲|verb,language
hsk3-419|角|measure,shopping
hsk3-420|脚|body
hsk3-421|教|verb,school
hsk3-422|接|verb
hsk3-423|街道|travel,direction
hsk3-424|节目|tech,hobby
hsk3-425|节日|time
hsk3-426|结婚|verb,family
hsk3-427|结束|verb
hsk3-428|解决|verb,thinking
hsk3-429|借|verb
hsk3-430|经常|adverb,time
hsk3-431|经过|verb,travel
hsk3-432|经理|work,people
hsk3-433|久|adjective,time
hsk3-434|旧|adjective
hsk3-435|举行|verb
hsk3-436|句子|language
hsk3-437|决定|verb,thinking
hsk3-438|可爱|adjective
hsk3-439|渴|adjective,body
hsk3-440|刻|measure,time
hsk3-441|客人|people
hsk3-442|空调|home
hsk3-443|口|measure,body
hsk3-444|哭|verb,emotion
hsk3-445|裤子|clothes
hsk3-446|筷子|food
hsk3-447|蓝|adjective,color
hsk3-448|老|adjective
hsk3-449|离开|verb,travel
hsk3-450|礼物|shopping
hsk3-451|历史|school
hsk3-452|脸|body
hsk3-453|练习|verb,school
hsk3-454|辆|measure,travel
hsk3-455|了解|verb,thinking
hsk3-456|邻居|people
hsk3-457|楼|home
hsk3-458|绿|adjective,color
hsk3-459|马|animal
hsk3-460|马上|adverb,time
hsk3-461|满意|adjective,emotion
hsk3-462|帽子|clothes
hsk3-463|米|measure
hsk3-464|面包|food
hsk3-465|面条|food
hsk3-466|明白|verb,thinking
hsk3-467|拿|verb
hsk3-468|奶奶|family
hsk3-469|南|direction
hsk3-470|难|adjective
hsk3-471|难过|adjective,emotion
hsk3-472|年级|school
hsk3-473|年轻|adjective
hsk3-474|鸟|animal
hsk3-475|努力|verb,school
hsk3-476|爬山|verb,hobby
hsk3-477|盘子|food,home
hsk3-478|胖|adjective,body
hsk3-479|啤酒|food
hsk3-480|葡萄|food
hsk3-481|普通话|language
hsk3-482|其实|adverb
hsk3-483|其他|pronoun
hsk3-484|奇怪|adjective
hsk3-485|骑|verb,travel
hsk3-486|铅笔|school
hsk3-487|清楚|adjective
hsk3-488|秋|weather,time
hsk3-489|裙子|clothes
hsk3-490|然后|conjunction,time
hsk3-491|热情|adjective,emotion
hsk3-492|认为|verb,thinking
hsk3-493|认真|adjective
hsk3-494|容易|adjective
hsk3-495|如果|conjunction
hsk3-496|伞|clothes,weather
hsk3-497|上网|verb,tech
hsk3-498|生气|verb,emotion
hsk3-499|声音|language
hsk3-500|使|verb
hsk3-501|世界|travel
hsk3-502|瘦|adjective,body
hsk3-503|叔叔|family
hsk3-504|舒服|adjective,body
hsk3-505|树|weather
hsk3-506|数学|school
hsk3-507|刷牙|verb,daily
hsk3-508|双|measure,clothes
hsk3-509|水平|school
hsk3-510|司机|people,travel
hsk3-511|虽然|conjunction
hsk3-512|太阳|weather
hsk3-513|糖|food
hsk3-514|特别|adverb,degree
hsk3-515|疼|adjective,body
hsk3-516|提高|verb
hsk3-517|体育|school,hobby
hsk3-518|甜|adjective,food
hsk3-519|条|measure
hsk3-520|同事|people,work
hsk3-521|同意|verb,thinking
hsk3-522|头发|body
hsk3-523|突然|adverb
hsk3-524|图书馆|school
hsk3-525|腿|body
hsk3-526|完成|verb
hsk3-527|碗|food,home
hsk3-528|万|number
hsk3-529|忘记|verb,thinking
hsk3-530|为|preposition
hsk3-531|为了|preposition,conjunction
hsk3-532|位|measure,people
hsk3-533|文化|school
hsk3-534|西|direction
hsk3-535|习惯|verb,daily
hsk3-536|洗手间|home,travel
hsk3-537|洗澡|verb,daily
hsk3-538|夏|weather,time
hsk3-539|先|adverb,time
hsk3-540|相同|adjective,degree
hsk3-541|相信|verb,thinking
hsk3-542|香蕉|food
hsk3-543|像|verb
hsk3-544|小心|verb
hsk3-545|校长|people,school
hsk3-546|鞋|clothes
hsk3-547|新闻|tech
hsk3-548|新鲜|adjective,food
hsk3-549|信|language
hsk3-550|兴趣|hobby
hsk3-551|行李箱|travel
hsk3-552|熊猫|animal
hsk3-553|需要|verb
hsk3-554|选择|verb,thinking
hsk3-555|眼镜|clothes,body
hsk3-556|要求|verb
hsk3-557|爷爷|family
hsk3-558|一般|adjective,adverb
hsk3-559|一边|adverb
hsk3-560|一定|adverb
hsk3-561|一共|adverb,degree
hsk3-562|一会儿|time
hsk3-563|一样|adjective,degree
hsk3-564|一直|adverb
hsk3-565|以后|time
hsk3-566|以前|time
hsk3-567|以为|verb,thinking
hsk3-568|音乐|hobby
hsk3-569|银行|shopping,travel
hsk3-570|应该|modal
hsk3-571|影响|verb
hsk3-572|用|verb
hsk3-573|游戏|hobby,tech
hsk3-574|有名|adjective
hsk3-575|又|adverb
hsk3-576|遇到|verb,people
hsk3-577|愿意|modal,thinking
hsk3-578|月亮|weather
hsk3-579|越|adverb,degree
hsk3-580|云|weather
hsk3-581|站|verb,travel
hsk3-582|照顾|verb,people
hsk3-583|照片|tech,hobby
hsk3-584|照相机|tech,hobby
hsk3-585|只|adverb
hsk3-586|中间|direction
hsk3-587|终于|adverb,time
hsk3-588|种|measure
hsk3-589|重要|adjective
hsk3-590|周末|time
hsk3-591|主要|adjective,adverb
hsk3-592|注意|verb
hsk3-593|祝|verb,greeting
hsk3-594|着急|verb,emotion
hsk3-595|字典|school,language
hsk3-596|自己|pronoun
hsk3-597|总是|adverb,time
hsk3-598|最近|time
hsk3-599|作业|school
hsk3-600|作用|work,thinking
